id,username,created_at,lng,lat,text
1.51764E+18,Brazzyasstati,Fri Apr 22 23:09:15 +0000 2022,-95.4464865,29.838495,I really move how bosses move I never call myself the goat !
1.51764E+18,LAKingsSteve,Fri Apr 22 23:09:15 +0000 2022,-117.585658,33.859093,@MousePlanet Are the MSEP ears available at World of Disney?
1.51764E+18,issmeday,Fri Apr 22 23:09:15 +0000 2022,-94.153889,36.186652,Gym timeüò§ https://t.co/wbR3dDfwJ1
1.51764E+18,daveyb0072,Fri Apr 22 23:09:15 +0000 2022,-71.1486405,41.6861005,@CivilServantRet @clazzyclare Yes it does!!!
1.51764E+18,THELDDFC865,Fri Apr 22 23:09:15 +0000 2022,-83.9638415,35.9824705,Are we anger banging Florida right now????
1.51764E+18,ebthetravelagt,Fri Apr 22 23:09:15 +0000 2022,-84.4703885,33.6312775,OMG bomb threat at @StateFarmArena
1.51764E+18,mdpeirce,Fri Apr 22 23:09:15 +0000 2022,-80.0328,26.797,I have a new #listing in #SingerIsland #FL  https://t.co/VRElkehgwZ https://t.co/hPeKNlbZV4
1.51764E+18,Brendon72452542,Fri Apr 22 23:09:15 +0000 2022,-118.4119065,34.0207895,The Ballad Of Vegas [Minds] (P!ATD Mashup) https://t.co/Y0LljC89X5 via @YouTube
1.51764E+18,ady601,Fri Apr 22 23:09:15 +0000 2022,-73.839202,41.142636,"@ErinLovesNYY Got it, thanks!!!! üëçüèæüëçüèæüëçüèæ"
1.51764E+18,haydenflatt5,Fri Apr 22 23:09:16 +0000 2022,-83.9638415,35.9824705,Lipscomb just golfed an 0-2 slider to left and the Vols lead 7-0. My goodness
1.51764E+18,1MillionTulips,Fri Apr 22 23:09:16 +0000 2022,-80.5794125,43.9049605,"One Million Tulipsüå∑Canadian Tulip FestivalMay 13 - 23, 2022Canadian Tulip Festival is celebrating its Platinum J‚Ä¶ https://t.co/DizuyanEGa"
1.51764E+18,GCSC_SGA,Fri Apr 22 23:09:16 +0000 2022,-85.7242961,30.18548904,"Happy Sophomore night ladies ü•éCheck out the sophomores in the first pic, and the decorators in the second! üéâ‚ú®‚Ä¶ https://t.co/Y1dB3SeZ1P"
1.51764E+18,adsausage,Fri Apr 22 23:09:16 +0000 2022,-118.399639,34.0824965,"Bruce Dern // SILENT RUNNINGAccording to a 1981 HR article, Universal sued Fox, claiming the droid 'R2-D2' in 'St‚Ä¶ https://t.co/V13pEB3WI6"
1.51764E+18,Michael_Udall,Fri Apr 22 23:09:17 +0000 2022,-122.4359785,37.7706565,My pre season CCL power rankings: 1. 30K2. CM3. OXG4. DH5. WH6. STRM7. GG8. SIM
1.51764E+18,FesePorter,Fri Apr 22 23:09:17 +0000 2022,-83.1738665,32.6782075,You know how high you gotta be to start a fight with Mike Tyson üò≠üò≠
1.51764E+18,rsslaugh,Fri Apr 22 23:09:17 +0000 2022,-97.1031385,33.030083,@BarackObama üôÑYou're so worried about rising sea levels you bought a house on an island.
1.51764E+18,justinesafagjk,Fri Apr 22 23:09:17 +0000 2022,-121.172848,38.667887,@sksksk_high_lar @matthuecole Thank you!!!‚ù§Ô∏è
1.51764E+18,stupidmaggats,Fri Apr 22 23:09:17 +0000 2022,-97.2859135,32.7799665,@JenCages @Krispi_Largo @BarnhartDooie @therrienv @leftspanker2020 @ahrehead @AlrightyThen202 @KC79156846‚Ä¶ https://t.co/nQ3Qr7arx5
1.51764E+18,wlaut10s,Fri Apr 22 23:09:17 +0000 2022,-84.5589371,38.0458946,"After a gin üç∏ love the prunes, dates and raisins yum! - Drinking an Aventinus Eisbock (TAP09) (2021) by‚Ä¶ https://t.co/LlVRq2gQZx"
1.51764E+18,hookdahustla,Fri Apr 22 23:09:18 +0000 2022,-90.070864,29.948479,"You can't handle the truth @ New Orleans, Louisiana https://t.co/7jhQkgyUx4"
1.51764E+18,JustGrapes,Fri Apr 22 23:09:18 +0000 2022,-87.648,41.91363,Just posted a photo @ BOKA https://t.co/WYgQHrZLuB
1.51764E+18,tmj_PHX_skltrd,Fri Apr 22 23:09:18 +0000 2022,-112.0833295,33.4932045,"Nervous to apply for a job like ""Diesel Mechanic Technician"" at Ryder? Apply even if you're not a 100% match. You m‚Ä¶ https://t.co/rpfj9xEfiZ"
1.51764E+18,carriep76,Fri Apr 22 23:09:18 +0000 2022,-118.1567105,33.8091715,@washeddad17 Great Photo
1.51764E+18,HelgardMuller5,Fri Apr 22 23:09:18 +0000 2022,-84.5398125,39.137038,"@RealRonHoward Have you not notice  how Jesus, the Son of God spoke in the first person about himself and always re‚Ä¶ https://t.co/9AWAtYcgCI"
1.51764E+18,wsdot_tacoma,Fri Apr 22 23:09:19 +0000 2022,-123.3929758,48.10554336,"Collision on US 101 EB at MP 250.07 near Baker St beginning at 4:04 pm on April 22, 2022 until further notice. The left lane is blocked."
1.51764E+18,FredNetSports,Fri Apr 22 23:09:19 +0000 2022,-89.53377,34.35467,@QBCoachMcEvoy I love you two gentlemen. So much.
1.51764E+18,Cherylepalmer20,Fri Apr 22 23:09:19 +0000 2022,-81.2831215,28.784184,"Perjury Taylor Greene, that's right, that's her new name."
1.51764E+18,caa1000,Fri Apr 22 23:09:19 +0000 2022,-81.4766765,28.1402165,"Yes, I saw the video in question, but not worthy of sharing... #WashingtonDC shooting"
1.51764E+18,JerickJake,Fri Apr 22 23:09:19 +0000 2022,-118.1938,33.7692,"Yup this is why I‚Äôm fat üòÇ @guramen_longbeach @ Long Beach, California https://t.co/5AyhFtjac2"
1.51764E+18,itsjustsmoov,Fri Apr 22 23:09:20 +0000 2022,-81.834138,41.3130325,Live everyday like your last.
1.51764E+18,ThePerryGroupUT,Fri Apr 22 23:09:20 +0000 2022,-111.948,41.1008,Check out our newest listing in #Layton! Tell us what you think!  #realestate https://t.co/pGjL94C4e2 https://t.co/ySprc5hJfE
1.51764E+18,BERRIEBERRIES,Fri Apr 22 23:09:20 +0000 2022,-80.1698025,25.9356415,My life is blessed. #BerrieBerries
1.51764E+18,uncutbrowndaddy,Fri Apr 22 23:09:20 +0000 2022,-120.944893,38.3620685,Love the way he moansüòàü•µ
1.51764E+18,DelCoro,Fri Apr 22 23:09:20 +0000 2022,-81.86964469,26.64389493,Just posted a photo @ Downtown House of Pizza https://t.co/MIiez9m9cx
1.51764E+18,LinzeRice,Fri Apr 22 23:09:20 +0000 2022,-87.7909645,41.8432585,My husband did not go to public pools growing up and it shows in his embarrassingly low literacy of 90s radio hits
1.51764E+18,kate_fegley,Fri Apr 22 23:09:21 +0000 2022,-86.6807375,32.576227,Congrats @JEarnhardt1 üçæ
1.51764E+18,infphy_,Fri Apr 22 23:09:21 +0000 2022,-95.4464865,29.838495,@dreamshiftah Amen to that! I‚Äôm finally done setting up and I like the way it looks
1.51764E+18,Kelly75001602,Fri Apr 22 23:09:21 +0000 2022,-96.0205195,41.1507045,Going from hot girl summer to big girl summer because of @lizzo!!!!!
1.51764E+18,ArielGilbert,Fri Apr 22 23:09:21 +0000 2022,-122.630908,45.536402,A sweet little bebe ariel https://t.co/8ZqeRc3lS8
1.51764E+18,nickroby,Fri Apr 22 23:09:21 +0000 2022,-80.926628,33.6311395,Big strikeout by Anglin strands the runner at 3rd. #ClemsonFSU 2CU 1M4
1.51764E+18,bubblezunrxted,Fri Apr 22 23:09:22 +0000 2022,-92.342322,34.721886,Think I need a drink already üò≠
1.51764E+18,Blondiegrrl,Fri Apr 22 23:09:22 +0000 2022,-81.7110335,38.3399245,@defactosnoopy Gotta love a literary beagle!
1.51764E+18,ChefBryan,Fri Apr 22 23:09:22 +0000 2022,-111.883,40.75,"Just posted a photo @ Salt Lake City, Utah https://t.co/2GlLivzA6g"
1.51764E+18,digi_arts_1,Fri Apr 22 23:09:22 +0000 2022,-106.632718,35.1170025,"""Magic Waterfalls of Yosemite "" made with @NightCafeStudio https://t.co/G57FNnhdo6#aiart #nightcafe #digitalart‚Ä¶ https://t.co/60KCnlgbJ8"
1.51764E+18,EmilBorchert,Fri Apr 22 23:09:23 +0000 2022,-122.201905,47.680319,Go #3 car.
1.51764E+18,VVUSDPD,Fri Apr 22 23:09:22 +0000 2022,-119.3066075,37.2691755,"On Friday, April 29, Panda Express located at 1840 N. Perris Blvd. Perris, CA will be hosting a fundraiser to help‚Ä¶ https://t.co/2jYfLiqgzk"
1.51764E+18,justinesafagjk,Fri Apr 22 23:09:23 +0000 2022,-121.172848,38.667887,@deadr1ng3r @matthuecole Thanks!‚ù§Ô∏è‚ù§Ô∏è‚ù§Ô∏è
1.51764E+18,manselled7,Fri Apr 22 23:09:23 +0000 2022,-81.656217,30.7921435,@ReifsteckTaylor And alcohol
1.51764E+18,kcz_ws_mike,Fri Apr 22 23:09:23 +0000 2022,-94.5592815,39.1000485,@tberk60 @FoxNews GON GIT!
1.51764E+18,ScottSandalow,Fri Apr 22 23:09:23 +0000 2022,-73.9487755,40.655138,@ClaudiaIzet @Andy Was truly awestruck.
1.51764E+18,iTranqui1ity,Fri Apr 22 23:09:23 +0000 2022,-80.546916,43.4821515,Zeta vs Loud grand finals PLEASE
1.51764E+18,jayxbern,Fri Apr 22 23:09:24 +0000 2022,-75.117998,40.0048655,@chefroy14 @miriyuuumm @NFLALLDAY Damn her loss I guessüòí maybe you can swoop up on her with your NFT profile pic
1.51764E+18,ERICSQUIRES1,Fri Apr 22 23:09:24 +0000 2022,-123.9413608,45.6322327,Check out my #listing in #RockawayBeach #OR  #realestate #realtor https://t.co/yagI4SV86w https://t.co/diRAGf23ar
1.51764E+18,jonathankoren,Fri Apr 22 23:09:24 +0000 2022,-121.8737305,37.331159,@wideofthepost Not only center a call for ‚Äúdonations‚Äù for their grift. What are they even doing?
1.51764E+18,Bella01876,Fri Apr 22 23:09:24 +0000 2022,-71.2306765,42.6109005,Honestly the things that have been going on lately has my mind spinning üå™
1.51764E+18,McClureSports,Fri Apr 22 23:09:25 +0000 2022,-85.9785995,35.8305215,"@YorkStrength17 @xpe_sports I know Tony says don‚Äôt brake into 45¬∞, but IMO that comes out of NFL level athleticism,‚Ä¶ https://t.co/KIkiyCYTyp"
1.51764E+18,RoyHeron3,Fri Apr 22 23:09:25 +0000 2022,-85.4041415,38.7662295,@TrendingLiberal @Stacy333A Yes I Worked in that local office a long time ago.
1.51764E+18,George02789416,Fri Apr 22 23:09:25 +0000 2022,-117.896662,34.0471795,"@Kingwoman @Callihan_ @SI_Panthers Yes but, when he played LT for a couple of games, his skill level showed he coul‚Ä¶ https://t.co/CVYmRlSAE8"
1.51764E+18,Matthew59294336,Fri Apr 22 23:09:25 +0000 2022,-73.962776,41.090236,@Kravdraaa The new dr slump is fine to me some forgettable episodes but the voice acting is decent
1.51764E+18,leftUbehind_,Fri Apr 22 23:09:25 +0000 2022,-87.9053475,41.9180755,@UnitedCenter going to be SOLD OUT tonight #BullsNation  #bulls
1.51764E+18,dreamarlowe85,Fri Apr 22 23:09:25 +0000 2022,-85.7682405,37.822244,Jonathan Smith has a nice schedule for the first year. Should be fun.
1.51764E+18,GradyFrankJay,Fri Apr 22 23:09:25 +0000 2022,-122.2286855,37.791994,The cowardice of homophobes has followed me for the 40 years I‚Äôve been out.  Many ‚Äústraight‚Äù people I knew are now‚Ä¶ https://t.co/bVMDL7bSKL
1.51764E+18,CasandraLGarcia,Fri Apr 22 23:09:25 +0000 2022,-100.0768885,31.1688935,Driving thru area @TxDPS presence near Carrizo Springs. Looks like they caught the driver &amp; illegal immigrants tryi‚Ä¶ https://t.co/7xRpALKN7E
1.51764E+18,soss_boy14,Fri Apr 22 23:09:26 +0000 2022,-96.961483,32.863917,@TheReal_Welly ü§£ü§£true man stuck in his ways
1.51764E+18,Dentheluck,Fri Apr 22 23:09:26 +0000 2022,-74.8714555,51.9651115,@LineMorin7 @pathou1 liquid gel for solid shit üòÖ https://t.co/QairzcH8hH
1.51764E+18,aaronsygiel,Fri Apr 22 23:09:26 +0000 2022,-77.007594,38.872759,Perfect night for baseball. #NATITUDE https://t.co/oc3pNe0uPG
1.51764E+18,BTW_Mick,Fri Apr 22 23:09:26 +0000 2022,-90.011008,29.982601,Brian Wingard. https://t.co/c7O17Uc5bq
1.51764E+18,Sacosta26,Fri Apr 22 23:09:26 +0000 2022,-116.929102,32.3328765,Lineup de los Cubs para hoy:üè¥‚Äç‚ò†Ô∏èüÜöüêª1) Madrigal 2B2) Suzuki RF3) Contreras DH4) Schwindel 1B5) Wisdom LF6) Vi‚Ä¶ https://t.co/C5Q6zSNREC
1.51764E+18,r_wiseman12,Fri Apr 22 23:09:26 +0000 2022,-85.9785995,35.8305215,TREY BOMB!! #Volsüçä
1.51764E+18,SidelineStormer,Fri Apr 22 23:09:27 +0000 2022,-85.242564,35.0919545,#Florida announcers so far‚Ä¶‚ÄúIf you can get out with just 3 runs‚Ä¶‚Äù‚ÄúIf you can get out with just 4 runs‚Ä¶‚Äù‚ÄúIt‚Äôs a‚Ä¶ https://t.co/VxL5ne2HZM
1.51764E+18,yelichfans,Fri Apr 22 23:09:27 +0000 2022,-87.883405,42.5892655,@PotatoCam69 rip to you if he homers
1.51764E+18,tmj_IDC_NURSING,Fri Apr 22 23:09:27 +0000 2022,-117.4260466,47.6587802,"Help people in your #Spokane, WA community live longer, better and healthier lives! Click here to see how you can m‚Ä¶ https://t.co/oT3JQaet7W"
1.51764E+18,PlastipakJobs,Fri Apr 22 23:09:27 +0000 2022,-81.8552196,41.143245,"Can you recommend anyone for this job in #Medina, OH? https://t.co/JcIgh2J04F #SkilledTrade"
1.51764E+18,hstreetcatwalk,Fri Apr 22 23:09:27 +0000 2022,-77.0367,38.8951,Just posted a photo @ DMV DC MD VA https://t.co/uJOTQM9FaA
1.51764E+18,monicaxtorres,Fri Apr 22 23:09:28 +0000 2022,-119.025163,35.3469015,@vlonedezi She‚Äôs ugly for that !!üò≠
1.51764E+18,deebaddest22,Fri Apr 22 23:09:28 +0000 2022,-96.7617535,32.8198585,I wanna do this for my man off camera tho
1.51764E+18,AllKindsWeather,Fri Apr 22 23:09:28 +0000 2022,-74.2946025,40.846404,"Game over. Pretty sure that‚Äôs a new Gator baseball record, too‚Äî 34 minutes, start to finish."
1.51764E+18,TheCalebGallion,Fri Apr 22 23:09:28 +0000 2022,-96.8320095,32.9597875,Jay Cutler üòÇ
1.51764E+18,worldtrotter42,Fri Apr 22 23:09:28 +0000 2022,-70.292545,43.696187,Now I am thinking in three languages‚Äô lol!
1.51764E+18,smsicard,Fri Apr 22 23:09:29 +0000 2022,-77.0143985,38.898603,A big yikes on these videos https://t.co/hvp5G6OEcu
1.51764E+18,Alyssacharlston,Fri Apr 22 23:09:28 +0000 2022,-122.353988,47.622101,"There‚Äôs a reason the @SeattleStorm have sold a franchise record üö®3,300 season tickets for 2022üö®That‚Äôs also the mo‚Ä¶ https://t.co/9zCP15Auo9"
1.51764E+18,yonoodlehead,Fri Apr 22 23:09:28 +0000 2022,-122.4359785,37.7706565,Not my mom asking if I‚Äôm properly covered up for the construction men in our house &amp; im like yea I‚Äôm in a Tshirt &amp;‚Ä¶ https://t.co/fAHrURfduK
1.51764E+18,SierraCam_UNG,Fri Apr 22 23:09:29 +0000 2022,-83.1738665,32.6782075,Let‚Äôs goooo!!!!
1.51764E+18,daddyrileyx,Fri Apr 22 23:09:29 +0000 2022,-118.4119065,34.0207895,@hungpanlatino @jarrodbbyAZ It‚Äôs made to take loads
1.51764E+18,KD5UMO,Fri Apr 22 23:09:29 +0000 2022,-101.310461,34.223596,"South Plains, TX. Maybe it‚Äôll pop. 40/50+ inflow and dust! Looking West. 18:05. 4/22/2022. https://t.co/1anTIXnUy7"
1.51764E+18,infphy_,Fri Apr 22 23:09:29 +0000 2022,-95.4464865,29.838495,@daemaine_nft Thanks fam!
1.51764E+18,SkullztheFoxlet,Fri Apr 22 23:09:29 +0000 2022,-82.985772,39.9946835,@wolfsifi Ily too!! Can‚Äôt wait to hang out again and we get to be party gremlins https://t.co/jqfUvnb4KG
1.51764E+18,Jerronjoey,Fri Apr 22 23:09:30 +0000 2022,-119.827182,39.512436,This right here
1.51764E+18,liizzmarie,Fri Apr 22 23:09:30 +0000 2022,-118.4119065,34.0207895,One weekend of Coachella wasn‚Äôt enough I wanna go back :((
1.51764E+18,quis__custodiet,Fri Apr 22 23:09:30 +0000 2022,-118.21907,34.19052,2309ZN80NT LOS ANGELES INTERAGENCY METROPOLITAN POLICEN34.1905 W118.2191Altitude: 2300ftCourse: 35¬∫Groundspeed‚Ä¶ https://t.co/GR8FZZSzOL
1.51764E+18,Lego_naut,Fri Apr 22 23:09:30 +0000 2022,-89.552968,44.8952075,@dani_elle831 Price is become a bigger and bigger deal for those of us who were already stretching for a Tesla. Ava‚Ä¶ https://t.co/treBDfktM7
1.51764E+18,BurnerTanks,Fri Apr 22 23:09:30 +0000 2022,-74.9780985,40.7676355,The world‚Äôs hottest wings üò§üò§üò§ https://t.co/KmcqQ90Sjz
1.51764E+18,ManOfTheLibrary,Fri Apr 22 23:09:30 +0000 2022,-115.135165,36.0609645,@TheRealTez23 I‚Äôm going to keep betting until she is a favorite across the board. Make the bookies spread their cheeks.
1.51764E+18,StewardessChick,Fri Apr 22 23:09:30 +0000 2022,-78.853563,42.8962295,"Bro, what‚Äôs going on in DC??? Are we being attacked?"
1.51764E+18,lakeemahmad,Fri Apr 22 23:09:30 +0000 2022,-80.8467855,35.209059,Very interesting dress. Love it.
1.51764E+18,McclainBaxley,Fri Apr 22 23:09:31 +0000 2022,-84.433106,33.7671945,@ReggieChatman @11AliveNews I look good in this.
1.51764E+18,poopiestpants,Fri Apr 22 23:09:31 +0000 2022,-97.754724,30.3233455,@teddiijuana Ever again üìíüìú
1.51764E+18,HPUFan,Fri Apr 22 23:09:31 +0000 2022,-80.815047,35.4809955,4-3 Rams after 3. Going to have a high scoring game which is not ideal for a Friday game.
1.51764E+18,tc4hunnid,Fri Apr 22 23:09:31 +0000 2022,-95.4464865,29.838495,follow the twitch https://t.co/N5QJWUBI8t we stream everything #NBA2K22 #pubg #cod #Madden22 #MLBTheShow
1.51764E+18,Scott78173352,Fri Apr 22 23:09:31 +0000 2022,-119.4888695,46.2676045,@Susan16Park When I was a boy in Fargo ND summers I slept on the front porch. Those nights in a thunderstorm were t‚Ä¶ https://t.co/h7urvpvPbz
1.51764E+18,PinellasCo911,Fri Apr 22 23:09:32 +0000 2022,-82.82919735,28.06993708,Alert: LANDLINE DISP / WATERCRAFT @ 1 CAUSEWAY BL-DU Tac: G Sent: D60
1.51764E+18,jhamby,Fri Apr 22 23:09:32 +0000 2022,-118.4119065,34.0207895,Still no power in this part of the apartment complex. I hope this isn‚Äôt one of those prolonged outages like we had‚Ä¶ https://t.co/1t1ZP2EWNt
1.51764E+18,dr_baseball81,Fri Apr 22 23:09:32 +0000 2022,-81.8030515,41.4804175,Kwan double
1.51764E+18,2jehan,Fri Apr 22 23:09:32 +0000 2022,-79.2725695,43.629311,@sailorgirl2017 Yeah.
1.51764E+18,jayhawk4life519,Fri Apr 22 23:09:32 +0000 2022,-94.7901975,39.0084315,Successful first week at the new job! So happy I made the career move!
1.51764E+18,atjones88,Fri Apr 22 23:09:33 +0000 2022,-117.8874385,33.739992,"The country is run by a bunch of idiots and charlatans. Why can‚Äôt normal, intelligent, honest people be in governme‚Ä¶ https://t.co/ctJKqHfrSU"
1.51764E+18,DaddyRolleda1,Fri Apr 22 23:09:33 +0000 2022,-118.131964,34.17731,@LBSamuelsson @crazy_newt ... or by the pool. Or in the home study in a big leather chair. Maybe in the office. Als‚Ä¶ https://t.co/vAunGxo4pd
1.51764E+18,iam_abdulgafar,Fri Apr 22 23:09:33 +0000 2022,-86.6807375,32.576227,@SMiTHiE___ Omo this one choke me https://t.co/KaUtcs5g5a
1.51764E+18,randall_connell,Fri Apr 22 23:09:33 +0000 2022,-85.8720485,30.215828,@ActuallyEmerson All I can think of when seeing those photos https://t.co/L7D0GkWybj
1.51764E+18,MichelleGorelow,Fri Apr 22 23:09:33 +0000 2022,-115.223125,36.232915,Happy #EarthDay2022
1.51764E+18,StmartinAndre,Fri Apr 22 23:09:33 +0000 2022,-77.5775455,47.995113,@akramho91360728 @valiaflou Hello my love one !
1.51764E+18,Jkmoody44,Fri Apr 22 23:09:33 +0000 2022,-96.141968,31.716608,GM 26 District GM 12: @GbtBaseball vs @FairfieldBSB #Give #122 #Time2Show https://t.co/LWmcYA2iki
1.51764E+18,SmokeyLowdown,Fri Apr 22 23:09:33 +0000 2022,-83.9638415,35.9824705,Trey Lipscomb 3-run bomb the Vols are up a Touchdown on Florida 7-0. With that home run is Lipscomb‚Äôs 16th on the y‚Ä¶ https://t.co/XibuAcUUpN
1.51764E+18,BUFootball,Fri Apr 22 23:09:33 +0000 2022,-97.1691565,31.547449,"All he wanted was to meet his favorite player, senior Bryce Petty. He met the Big 12 champ during the 2014 Big 12 t‚Ä¶ https://t.co/9W8zYzAbXI"
1.51764E+18,SynistyrTV,Fri Apr 22 23:09:34 +0000 2022,-97.079654,32.931834,@bhinkk @netflix @MatthewLillard Definitely 100% agreed.
1.51764E+18,_TaylorKauffman,Fri Apr 22 23:09:34 +0000 2022,-86.066809,33.566716,"Jeffrey Earnhardt won the Xfinity Series qualifying round, in the infamous no. 3 car! https://t.co/9xZ796hFSm"
1.51764E+18,Jaywatches2,Fri Apr 22 23:09:34 +0000 2022,-81.6201735,31.8275075,Being a Social Worker and working with Homeless souls pat night. Watching them survive and survive on the streets o‚Ä¶ https://t.co/93vuVrDIm7
1.51764E+18,cecefromdaburgh,Fri Apr 22 23:09:35 +0000 2022,-79.99376,40.302751,"So wait, this bitch is mocking him by copying his outfits in court? Completely psycho. #JohnnyDeppDeservesJustice"
1.51764E+18,dylanbrody,Fri Apr 22 23:09:35 +0000 2022,-118.4119065,34.0207895,"@WeinerAlia When you come to me with your answer to that question, the mission of the Church of Art will come clear‚Ä¶ https://t.co/GJAzh8PSNh"
1.51764E+18,edfernandez702,Fri Apr 22 23:09:35 +0000 2022,-115.223125,36.232915,"@elonmusk If you could vote in the Philippines, who would you choose for president? @lenirobredo or @bongbongmarcos‚Ä¶ https://t.co/xXCoc3J1e1"
1.51764E+18,wesleybonner,Fri Apr 22 23:09:36 +0000 2022,-75.770041,42.746617,Let‚Äôs all cheers the baddest on an incredible year @the_symonee #dragrace https://t.co/nelx4oQCNw
1.51764E+18,Nomindnotrouble,Fri Apr 22 23:09:36 +0000 2022,-118.2445,34.0564,"......I have a type.üôÅ @ Los Angeles, California https://t.co/bZU0HcEiLc"
1.51764E+18,GeorgeRowe18,Fri Apr 22 23:09:36 +0000 2022,-78.799934,38.5987625,@GeorgeTakei @EileenM60933733 #Perjurytaylorgreen I like it
1.51764E+18,TVPES,Fri Apr 22 23:09:36 +0000 2022,-83.1738665,32.6782075,@HpCammo Right here! Here‚Äôs my website: https://t.co/DSpxPyEgNx
1.51764E+18,KEBPoet,Fri Apr 22 23:09:36 +0000 2022,-84.5398125,39.137038,@imanixdavis They do sometimes!!!
1.51764E+18,kailee_beth19,Fri Apr 22 23:09:37 +0000 2022,-85.268361,36.140127,END B2:Monterey has runners left stranded in the corners as Upperman gets three outs. Score 1-1.
1.51764E+18,maizer13,Fri Apr 22 23:09:36 +0000 2022,-122.66385,48.416912,"‚ÄúIn this life, we are what we create. In this life, let love lead the way‚Äù-kbong#MothersDay #EarthDay2022 ‚ù§Ô∏èüíõüíö https://t.co/VzU2X4lASG"
1.51764E+18,williamlies247,Fri Apr 22 23:09:37 +0000 2022,-97.754724,30.3233455,@SSN_TAMU Lol. What a weird flex. Does Jimbo know A&amp;M is  ranked 97 spots BELOW @UTAustin? #ThisIsTexas #HookEm https://t.co/pWHU5IFGr4
1.51764E+18,Tony2ones,Fri Apr 22 23:09:37 +0000 2022,-76.255686,36.895082,"Just an incredible experience with these two guys @LangstonLCB and @BigBlues_Biceps great people, and even better f‚Ä¶ https://t.co/AwJq9cPFb6"
1.51764E+18,wheredthesodago,Fri Apr 22 23:09:37 +0000 2022,-95.5095535,30.4284055,"a bumper sticker that says ""please be patient. I'd rather be watching the 1999 cinematic masterpiece ‚Äúthe mummy‚Äù st‚Ä¶ https://t.co/rBI1Nbzanq"
1.51764E+18,o_leesha,Fri Apr 22 23:09:38 +0000 2022,-97.1031385,33.030083,#BearBash in full effect! @BluebonnetES https://t.co/5Uk7lU2B2o
1.51764E+18,MeijerJobs,Fri Apr 22 23:09:38 +0000 2022,-86.2209455,43.2841445,"Want to work in #NorthMuskegon, MI? View our latest opening: https://t.co/iRWbHKG0SJ #Retail"
1.51764E+18,Wilfred18245569,Fri Apr 22 23:09:38 +0000 2022,-73.9487755,40.655138,@FINALLEVEL @FallonTonight Pour it on sugar honey baby this makes my life so sweet
1.51764E+18,SB_Manning,Fri Apr 22 23:09:38 +0000 2022,-84.075996,33.449924,#LowCountryBoil night at @ganationalgolf üòãü¶Äü¶êü•îüêñüåΩ https://t.co/avvs7bbdMg
1.51764E+18,CheTheInfidel,Fri Apr 22 23:09:38 +0000 2022,-83.099288,42.3527865,"I work 4 banquet events from Sunday to Sunday, and before I see the following weeks schedule I‚Äôm going to assume I‚Äô‚Ä¶ https://t.co/WGCchT6WfG"
1.51764E+18,Kimmy852,Fri Apr 22 23:09:38 +0000 2022,-122.2670745,49.0869965,Have a great  #EarthDay
1.51764E+18,DorisTruong,Fri Apr 22 23:09:39 +0000 2022,-82.672903,27.7957195,Watch the conversation https://t.co/8kUCfAMnza
1.51764E+18,matthewcp,Fri Apr 22 23:09:40 +0000 2022,-85.822786,38.323745,@not_runspired @AdamRackis @matteocollina The standard isn't good for servers though. You can't set multiple Set-Co‚Ä¶ https://t.co/afAiiQe6LW
1.51764E+18,MSgirl29,Fri Apr 22 23:09:40 +0000 2022,-89.876449,32.571032,@MushMalski @p5d7b @TheFigen Do all bars weight that much before adding more onto it.
1.51764E+18,MereCummings,Fri Apr 22 23:09:40 +0000 2022,-87.5334065,33.1966005,@Mimosa48 THAT IS IT!!! I just had hand surgery. Thank you. How did I not get that?!
1.51764E+18,ptmchale406,Fri Apr 22 23:09:40 +0000 2022,-76.2328465,40.7833785,@nickers___ Nice pic
1.51764E+18,Makyle_Ice,Fri Apr 22 23:09:40 +0000 2022,-75.117998,40.0048655,@Jp3Some Lmao a whole copy paste
1.51764E+18,blue9_mmg,Fri Apr 22 23:09:40 +0000 2022,-75.117998,40.0048655,Really confused here @SEPTA_SOCIAL.....What is the purpose of a 9-block U-turn?Why not just have the buses go d‚Ä¶ https://t.co/B5xdv3zMWu
1.51764E+18,davidwills,Fri Apr 22 23:09:40 +0000 2022,-79.2725695,43.629311,@JohnLorinc @gordperks Bay Street? They are thinking tax cut puppet
1.51764E+18,itsjustsmoov,Fri Apr 22 23:09:40 +0000 2022,-81.834138,41.3130325,Stay woke !
1.51764E+18,JarvisD90,Fri Apr 22 23:09:40 +0000 2022,-83.1738665,32.6782075,How y'all feeling?
1.51764E+18,nickwinand,Fri Apr 22 23:09:40 +0000 2022,-77.604684,41.1179365,@grc207 @jeff_gluck The fact that they say this event was profitable for Flo but not for them? That makes zero sens‚Ä¶ https://t.co/KWEPoy1FNh
1.51764E+18,TruckerLerone,Fri Apr 22 23:09:40 +0000 2022,-82.793157,40.309103,I'm at Ohio https://t.co/hZ6JZMLiEG
1.51764E+18,tsunami_papi4,Fri Apr 22 23:09:41 +0000 2022,-73.8311875,40.6708795,The only way to please people with unrealistic expectations is to lie to them ü§¶üèΩ‚Äç‚ôÇÔ∏è
1.51764E+18,Anthony19174645,Fri Apr 22 23:09:41 +0000 2022,-83.1738665,32.6782075,@femaleatlhawk @SheBeKoolin Out of all days they chose today to do that dumb bs smdh ü§¶üèæü§¶üèæü§¶üèæü§¶üèæ
1.51764E+18,MiamiPD,Fri Apr 22 23:09:40 +0000 2022,-80.2948925,26.1566185,"@NAWLEE 2022 in Miami! We were excited to have women leaders from around the nation come together, to share knowled‚Ä¶ https://t.co/glpBKUhNbi"
1.51764E+18,EmmaLioliou,Fri Apr 22 23:09:41 +0000 2022,-74.01236,40.71163,üåçüåéüåè #happyearthday @ ONE WORLD OBSERVATORY https://t.co/wVYCMvHSu7
1.51764E+18,Gregory69224270,Fri Apr 22 23:09:41 +0000 2022,-105.1281885,39.8202065,@Beautifulpup1 Rheinee says hello https://t.co/IDgXc7vXbp
1.51764E+18,zac_byrd3,Fri Apr 22 23:09:41 +0000 2022,-97.1691565,31.547449,üëâ Saturdays 15u games that I wanna check out .   @byfelite7v7 @3threatsportsTX @nightmare_texas @PremierEventsU2‚Ä¶ https://t.co/fwsR9J0Yg0
1.51764E+18,FreestyleTwins,Fri Apr 22 23:09:41 +0000 2022,-97.1691565,31.547449,"A stranged package has been found outside the D.Wilkins statue, so the #MIAvsATL game has been delayed for a few ex‚Ä¶ https://t.co/b4C2H2yNuC"
1.51764E+18,ETdotSTORE,Fri Apr 22 23:09:41 +0000 2022,-121.581229,37.004844,‚ÄúVinegar changes‚Äù in Italy had nothing to do with wine. US notes with the forthcoming of this updated history.‚Ä¶ https://t.co/6Cb4RXTcN5
1.51764E+18,VadeBeauty,Fri Apr 22 23:09:42 +0000 2022,-80.8467855,35.209059,From this point on if it ain't about some money don't mention me @ all. I'm tryna reach a mill
1.51764E+18,murgattore,Fri Apr 22 23:09:42 +0000 2022,-87.732013,41.8335845,Scientists against climate changehttps://t.co/FUQfkveqkV
1.51764E+18,ThatWooBrandon,Fri Apr 22 23:09:42 +0000 2022,-97.4451735,35.222301,@OUEsports BUNCH OF CUTIES! ü•µüòÆ‚Äçüí®
1.51764E+18,shubilubis,Fri Apr 22 23:09:42 +0000 2022,-83.804475,27.698682,@PUSHA_T  this is my favorite body of work by you
1.51764E+18,infphy_,Fri Apr 22 23:09:43 +0000 2022,-95.4464865,29.838495,@ealva95 Hahaha! Straight up! üòÇüòÇ
1.51764E+18,hiccupcityblues,Fri Apr 22 23:09:43 +0000 2022,-94.808085,38.886623,@FtwCowboys @hawkdoc429 @BarstoolSicEm Self took Tulsa to an elite eight. He also built Illinois to a championship‚Ä¶ https://t.co/TKSdiY7sL0
1.51764E+18,HeelStCloud,Fri Apr 22 23:09:43 +0000 2022,-84.5398125,39.137038,"@JAYVIERNY Wait, what happened????"
1.51764E+18,Destine_Rockele,Fri Apr 22 23:09:43 +0000 2022,-75.484567,40.6297175,I always get suck w the weird ass niggas üôÑ
1.51764E+18,nolefturnsinc,Fri Apr 22 23:09:43 +0000 2022,-77.0143985,38.898603,@glennEmartin @Sinita11_ will enlighten you‚Ä¶ def one for your level of expertise
1.51764E+18,liizzmarie,Fri Apr 22 23:09:43 +0000 2022,-118.4119065,34.0207895,They just hit different
1.51764E+18,cshort1522,Fri Apr 22 23:09:44 +0000 2022,-83.1738665,32.6782075,@Ajwhite_1 Congrats AJ!  Great opportunity!!!
1.51764E+18,Adam_L10r_71,Fri Apr 22 23:09:44 +0000 2022,-123.191617,45.212448,@PlayCODNews See just a few more COD points lol HELP!!! https://t.co/5cYMaeb3JD
1.51764E+18,justinesafagjk,Fri Apr 22 23:09:44 +0000 2022,-121.172848,38.667887,@xoGigiGirl @matthuecole Thank you! Sophie kept saying how much he would‚Äôve loved it ü•∫
1.51764E+18,dustinhollywood,Fri Apr 22 23:09:44 +0000 2022,-80.11751,25.99939,üî• @nakid_magazine üî• @ NAKID Magazine https://t.co/LXvFBQWoZW
1.51764E+18,wdjak22,Fri Apr 22 23:09:44 +0000 2022,-97.2859135,32.7799665,@WifeDaisy I wouldn't even let the ink dry before I called you
1.51764E+18,ColumbusPolice,Fri Apr 22 23:09:44 +0000 2022,-82.985772,39.9946835,HUGE congrats to Commanders Jeffery Lokai and Mark Denner for being promoted today! üéâüéâ https://t.co/kTQaHYA0IJ
1.51764E+18,Jer_Bear__,Fri Apr 22 23:09:45 +0000 2022,-118.346138,33.914068,@coachella looking for weekend 2 passes
1.51764E+18,PortVancouver,Fri Apr 22 23:09:45 +0000 2022,-123.123581,49.257639,Career opportunity: Talent Research and Search Associate | Learn more and apply online: https://t.co/D5yoHX8Zp7 https://t.co/DOFDKHrHtL
1.51764E+18,JamesIsaak2,Fri Apr 22 23:09:45 +0000 2022,-83.099288,42.3527865,@MMMukalla I was just driving past.
1.51764E+18,MeansRacing52,Fri Apr 22 23:09:45 +0000 2022,-79.861034,35.1704985,Way to go @JEarnhardt1!!
1.51764E+18,mr_j1998,Fri Apr 22 23:09:46 +0000 2022,-81.7352545,28.7887265,@Zaphine_ Push up
1.51764E+18,Pitch_Blakk,Fri Apr 22 23:09:46 +0000 2022,-87.732013,41.8335845,"@KiaRichards_ When was education a pathway to upward mobility for black people? Not disagreeing, genuinely curious."
1.51764E+18,KTSWSports,Fri Apr 22 23:09:46 +0000 2022,-97.928253,29.88723,@KTSW_899 Mid 1 #TXST 0 | 0 #ULR Zeke Wood gets a quick three outs under his belt to start out the series.#TXST‚öæ | #KTSWüìª | #EatEmUpüòº
1.51764E+18,dwolfman54,Fri Apr 22 23:09:46 +0000 2022,-73.766756,43.066929,"@newsmax Elise, tik tok, they're coming for you next. MTG is an overt bigot, and you're just an enormous hypocrit,‚Ä¶ https://t.co/9ObKVvBNk1"
1.51764E+18,FairyGodHimbo,Fri Apr 22 23:09:46 +0000 2022,-77.411349,39.380392,@vampyrromance They are incredibly vascular‚Ä¶especially my armsüí™üèªüí™üèª
1.51764E+18,GradybabyMunk,Fri Apr 22 23:09:46 +0000 2022,-83.1738665,32.6782075,This mf Stephen A still think Collins hasn‚Äôt played yet lol dude he so lost talking‚Äôs about anyone but the lakers or Brooklyn üòÇ
1.51764E+18,RockyDimico,Fri Apr 22 23:09:46 +0000 2022,-122.9352255,46.9713185,More reasons why I‚Äôm excited for the news today!
1.51764E+18,zoboogie0,Fri Apr 22 23:09:46 +0000 2022,-83.1738665,32.6782075,Mine too cuh smh
1.51764E+18,bayareafletch,Fri Apr 22 23:09:46 +0000 2022,-122.2286855,37.791994,"@GoWokeGoBrandon @SawyerBrittain @YouTube @GovCox @LGHendersonUtah I mean, the line says ""we'll convert your childr‚Ä¶ https://t.co/tdhovP6UQ0"
1.51764E+18,BonbonLakay,Fri Apr 22 23:09:47 +0000 2022,-73.95,40.65,"Just posted a photo @ Brooklyn, New York https://t.co/kZNxJhZMiF"
1.51764E+18,ASweetPlanner,Fri Apr 22 23:09:47 +0000 2022,-122.4359785,37.7706565,Tell your friends
1.51764E+18,raderaimee,Fri Apr 22 23:09:47 +0000 2022,-97.754724,30.3233455,i wish i had a girl friend group i wanna go to the beachüòøüòøüòøüòø
1.51764E+18,royalmusing,Fri Apr 22 23:09:48 +0000 2022,-77.0143985,38.898603,@gracels They are all slime
1.51764E+18,WendyForbesNM,Fri Apr 22 23:09:48 +0000 2022,-106.632718,35.1170025,@secret_agent39 @Ldonahuehjelle Yeah. It‚Äôs not that bad out my window here in the ABQ foothills but you can definit‚Ä¶ https://t.co/oRj8tz71RW
1.51764E+18,_liveinbliss,Fri Apr 22 23:09:48 +0000 2022,-117.104989,32.810012,@jamie_selects Boxing then happy hour
1.51764E+18,gardenofjewel,Fri Apr 22 23:09:48 +0000 2022,-83.804475,27.698682,Beach me please #onlyfans #lightskinhoes https://t.co/7JF8Qd3emB
1.51764E+18,mckeenkc,Fri Apr 22 23:09:49 +0000 2022,-83.058378,42.010227,"@EmmMacfarlane You are moderately interesting, like a good Canadian should be."
1.51764E+18,snap_shooters,Fri Apr 22 23:09:49 +0000 2022,-118.4119065,34.0207895,Who doesn‚Äôt love Cutch.
1.51764E+18,Bagelzzzz,Fri Apr 22 23:09:49 +0000 2022,-84.2846815,39.3133955,@coleyswife I love you sweet friend. üíó
1.51764E+18,AJColores,Fri Apr 22 23:09:49 +0000 2022,-112.1246765,33.5528625,yeah we could be super starrs
1.51764E+18,triadbaptist,Fri Apr 22 23:09:49 +0000 2022,-80.10092398,36.10533208,Look who surprised all the students today and served lunch in the cafeteria. Thanks for being a wiling team player‚Ä¶ https://t.co/PUfpSjVzKu
1.51764E+18,dhpup,Fri Apr 22 23:09:49 +0000 2022,-100.0768885,31.1688935,starting the weekend off with some new work swag https://t.co/tfCri6pEjL
1.51764E+18,kfine39,Fri Apr 22 23:09:49 +0000 2022,-86.1429225,39.7795625,We‚Äôre winning the conference. I‚Äôll see everybody in Indianapolis!!! ‚öîÔ∏èüõ°ü™ì
1.51764E+18,m00nchild999,Fri Apr 22 23:09:50 +0000 2022,-89.5694915,44.900818,I just did a big thing‚Ä¶
1.51764E+18,bblattert,Fri Apr 22 23:09:50 +0000 2022,-82.8942535,42.4958195,@KKellyMSU I started the Magic doc on Apple today. Must watch.
1.51764E+18,tlpeet,Fri Apr 22 23:09:50 +0000 2022,-85.0597275,41.374191,@ForinoFranky @USATODAY @RonDeSantisFL You need help!
1.51764E+18,DollaoneNewNew,Fri Apr 22 23:09:50 +0000 2022,-84.433106,33.7671945,@Thee_Nev Have no idea who is
1.51764E+18,joelabelbeats,Fri Apr 22 23:09:50 +0000 2022,-116.5172895,33.8250795,"Release dayyyy! ‚ö°Ô∏èGo check out my new track ‚ÄúElectric Mmm‚Äù, out now everywhere. Celebrating that at my first Coac‚Ä¶ https://t.co/hNx7DdQFpc"
1.51764E+18,kungfupussy,Fri Apr 22 23:09:50 +0000 2022,-119.3066075,37.2691755,"HI, I'm still Susan and I'm here for the Australians too. And the AC."
1.51764E+18,RyansCardssLLC,Fri Apr 22 23:09:50 +0000 2022,-84.612392,34.0110765,@CLMandell5 @vvsdolly chill
1.51764E+18,Meidas_redklm1,Fri Apr 22 23:09:51 +0000 2022,-93.809434,32.461107,@beachlifelinda1 @davideglenn2 @Dilldum @JaxHarley5 @Sunflwrgirl2 @rri_rrichterr @lisasmith1150 @SugarDonaghy‚Ä¶ https://t.co/umL6gysIF0
1.51764E+18,Matthew53399107,Fri Apr 22 23:09:51 +0000 2022,-68.984705,45.188407,@TheRickWilson ‚ÄúElise Stefanik is a Dress Barn Jim Jordan!‚Äù @MSNBC @JoyAnnReid üòÇ
1.51764E+18,ToltonTrack,Fri Apr 22 23:09:51 +0000 2022,-91.9043635,39.162011,Girls 4x200 relay is bringing home some hardware - team of @EvaViox2024 @ellierey03 Jillian Aholt &amp; Jillian Andrews finished 3rd ü•â
1.51764E+18,eva_kozdra,Fri Apr 22 23:09:51 +0000 2022,-80.17241,32.999979,So happy my family is coming to visit in 2 weeks ü•π
1.51764E+18,justinesafagjk,Fri Apr 22 23:09:51 +0000 2022,-121.172848,38.667887,@abee__x @matthuecole Thank you!‚ù§Ô∏èüôèüèº
1.51764E+18,WarrenKenner,Fri Apr 22 23:09:51 +0000 2022,-81.5473325,28.480712,@The_Mouse_House @reynaolivo1 @jrluna11 @One_FLA An amazing crew with an amazing leader!
1.51764E+18,CynthiaSneed7,Fri Apr 22 23:09:51 +0000 2022,-86.0068295,34.003125,@MollyJongFast Can't fix stupid.
1.51764E+18,bryanefisher,Fri Apr 22 23:09:51 +0000 2022,-96.7617535,32.8198585,@SportsSturm @corbydavidson @badkaratemovie @TyWalker716 You guys need to watch the 2017 ‚ÄúGilbert‚Äù doc on Peacock‚Ä¶ https://t.co/Qe093nj9yM
1.51764E+18,AmandaEllisGEM,Fri Apr 22 23:09:51 +0000 2022,-111.928142,33.392884,‚ÄúUsing our atmosphere as an open sewer - it is insane!!‚Äù Brilliant address by @algore to mark #EarthDay2022‚Ä¶ https://t.co/qJSEi5l0S8
1.51764E+18,AwestOne_AG,Fri Apr 22 23:09:51 +0000 2022,-116.9711175,33.979515,ITS A CELEBRATION!!!! BRRRR @RTFKTstudios @jeffstaple https://t.co/HfLbxOaBLc
1.51764E+18,wheredthesodago,Fri Apr 22 23:09:51 +0000 2022,-95.5398525,30.1812515,"a bumper sticker that says ""please be patient. I'd rather be watching the 1999 cinematic masterpiece ‚Äúthe mummy‚Äù st‚Ä¶ https://t.co/C4QDq00I3r"
1.51764E+18,IndstryStdFilms,Fri Apr 22 23:09:52 +0000 2022,-118.340998,34.101675,BIASED written/directed by @AndreaLwin was selected for The Hollywood Comedy Shorts Film Festival screening Saturda‚Ä¶ https://t.co/RMywGndEB4
1.51764E+18,PilgrimPolitics,Fri Apr 22 23:09:52 +0000 2022,-77.101999,38.8808445,Shared sentiments. Particularly after being a glutton for punishment this afternoon and listening in on the live fe‚Ä¶ https://t.co/VQk18RimDW
1.51764E+18,HelgardMuller5,Fri Apr 22 23:09:52 +0000 2022,-84.5398125,39.137038,"@GioBruno1600 Have you not notice  how Jesus, the Son of God spoke in the first person about himself and always ref‚Ä¶ https://t.co/HPEqR5zMXv"
1.51764E+18,ChickieT,Fri Apr 22 23:09:52 +0000 2022,-90.20267308,38.6268312,Some of my favorite photos of @philx1111 at last nights @bonjovi concert in St. Louis. @ Enterprise Center https://t.co/JJQLmH0O2K
1.51764E+18,laudeddivine_,Fri Apr 22 23:09:52 +0000 2022,-77.4281935,39.372468,Oh def refused to do somebody a favor. And now here we are.
1.51764E+18,xina,Fri Apr 22 23:09:53 +0000 2022,-121.8737305,37.331159,Can‚Äôt wait to see _The Northman_ this evening!
1.51764E+18,Hawkette_Soccer,Fri Apr 22 23:09:53 +0000 2022,-93.6115305,41.732949,@IndiansGSoccer @AnkenyHawksAD We got the Livestream working. JV just kicked off. Varsity at 7:30pmhttps://t.co/ipqwouxojS
1.51764E+18,OklahomieSooner,Fri Apr 22 23:09:53 +0000 2022,-86.3507385,30.39153,@Kory_B12C Congratulations man. What a blessing!
1.51764E+18,SigTauHSU,Fri Apr 22 23:09:53 +0000 2022,-93.0692445,34.1265645,Our Alcohol Awareness Root Beer Pong Tournament was a success! Thank you to all students and faculty who participat‚Ä¶ https://t.co/MLeo16So9s
1.51764E+18,HollamonMatt,Fri Apr 22 23:09:53 +0000 2022,-99.6809025,41.5007295,What he said!!!
1.51764E+18,RichieTime26,Fri Apr 22 23:09:53 +0000 2022,-78.748399,42.9072065,HELL
1.51764E+18,_ashwon,Fri Apr 22 23:09:54 +0000 2022,-110.4472865,33.304545,Wtf was that Ticketmaster??
1.51764E+18,jayxbern,Fri Apr 22 23:09:54 +0000 2022,-75.117998,40.0048655,@ts_kingpolis @miriyuuumm @NFLALLDAY Thanks man üôåüèº
1.51764E+18,THEPAIGEREPORT1,Fri Apr 22 23:09:54 +0000 2022,-97.754724,30.3233455,Working on a story about how the city of Austin is working to prioritize affordable housing for Black and Latino co‚Ä¶ https://t.co/9sU0A9K7dJ
1.51764E+18,FJTRACKXC,Fri Apr 22 23:09:54 +0000 2022,-75.117998,40.0048655,Thankful for days like tomorrow.  62 Teams represented from 47 different schools from 4 different states.  We thank‚Ä¶ https://t.co/uHN0WsrMgD
1.51764E+18,evan_just_evan,Fri Apr 22 23:09:54 +0000 2022,-79.2725695,43.629311,@FloofQueenEmily @ryandotwav @YousefLegened @MinuraNakatawa the world / level design the lorehow much you can mix‚Ä¶ https://t.co/OZKUXBSVvA
1.51764E+18,GymjonezGlobal,Fri Apr 22 23:09:54 +0000 2022,-118.9188865,34.188478,Unbelievable
1.51764E+18,_Blossom6,Fri Apr 22 23:09:55 +0000 2022,-81.068556,29.190223,I feel kinda sad bc I was suppose to explore this city with the LOML but he never had time for me ü•π
1.51764E+18,AHSBSoccer,Fri Apr 22 23:09:55 +0000 2022,-93.6393635,42.0325065,GOAL AMES Chase Oetker with a low shot inside the box to open the scoring in the 3rd minute! Ames 1 vs Ft Dodge 0 3‚Äô
1.51764E+18,PageSlowStreet,Fri Apr 22 23:09:54 +0000 2022,-122.4359785,37.7706565,Have you seen enough @SFBikeBus videos? We didn‚Äôt think so! üìπ: @cali_kat83 https://t.co/esz1kqxmpP
1.51764E+18,MargaretCofer1,Fri Apr 22 23:09:55 +0000 2022,-82.3302695,29.6731715,"@hshLauraJ GA has 300,000 votes from 2016 discovered yesterday that are uncertified! The @GaSecofState has soul sea‚Ä¶ https://t.co/cjpBNHtD3A"
1.51764E+18,JIoproducedit,Fri Apr 22 23:09:55 +0000 2022,-118.2445,34.0564,"‚ÄúCan‚Äôt live 2 lives , You either the hero or the villain. I pick Villain .üíÄüî•üå™‚òÑÔ∏èü™ê#drjioproducedit #beats‚Ä¶ https://t.co/cvJkftZ7lk"
1.51764E+18,bcpaul928,Fri Apr 22 23:09:56 +0000 2022,-79.8317685,40.2897985,Earth Day: Gruesome Chemtrails litter the entire sky‚Ä¶ Whatever they promised our elected officials must‚Äôve been a h‚Ä¶ https://t.co/oHDQT2n1uw
1.51764E+18,TooTurntTupy,Fri Apr 22 23:09:56 +0000 2022,-86.290863,41.6796555,I‚Äôm so afraid to piss
1.51764E+18,jumppointjonny,Fri Apr 22 23:09:56 +0000 2022,-83.804475,27.698682,Good thing I left WF mortgages to come back here.
1.51764E+18,SusanKilleen4,Fri Apr 22 23:09:56 +0000 2022,-82.170186,27.069033,"Why do you think ""The Princess Bride"" has been such a success, same for ""The Goonies"" my thoughts, they were family‚Ä¶ https://t.co/ZBVtFAj4NI"
1.51764E+18,MattWhite_95,Fri Apr 22 23:09:56 +0000 2022,-117.104989,32.810012,Decided I needed not just tacos but also empanadas as part of my pre work meal
1.51764E+18,JerryJordan_KTT,Fri Apr 22 23:09:56 +0000 2022,-94.9766015,29.767947,Needed to up my street cred so this guy is helping me out. Thanks @TRAEABN I need all the help I can get! #NASCAR r‚Ä¶ https://t.co/Ks4YFRcOQY
1.51764E+18,ECGCoachJJ,Fri Apr 22 23:09:57 +0000 2022,-79.179013,37.4009555,@CoachJagGraham Block destruction Read drill Some type of tackling drill
1.51764E+18,UnderCo10,Fri Apr 22 23:09:57 +0000 2022,-80.8467855,35.209059,"It must really suck to have your ""big 3"" go 20-58  from the field in a play in game and you take the fall for it"
1.51764E+18,UDOTcottonwoods,Fri Apr 22 23:09:57 +0000 2022,-111.750422,40.571402,"#RoadUpdate üëã #SR210 travelers, the PM commute is underway &amp; we have vehicle slide offs currently being cleared. Pl‚Ä¶ https://t.co/3Lw8vItQI5"
1.51764E+18,tmj_WY_transp,Fri Apr 22 23:09:57 +0000 2022,-106.2936359,42.8491519,"Nervous to apply for a job like ""Delivery Driver - Part Time"" at CVS Health? Apply even if you're not a 100% match.‚Ä¶ https://t.co/WjuQiJEPB3"
1.51764E+18,infphy_,Fri Apr 22 23:09:58 +0000 2022,-95.4464865,29.838495,@dlennard Man y‚Äôall support has been amazing!
1.51764E+18,JimKelleherRE,Fri Apr 22 23:09:58 +0000 2022,-83.804475,27.698682,@Theresaroets911 @slkesq Must be your role
1.51764E+18,kimberlin82,Fri Apr 22 23:09:58 +0000 2022,-122.6314622,45.49922514,"It's pouring rain and sunny at the same time. I'm telling you bipolar weather. @ Southeast Portland, Portland https://t.co/C20PK4TJ9W"
1.51764E+18,5GoneBadd,Fri Apr 22 23:09:58 +0000 2022,-97.552161,35.4828435,A guilty mind do guilty shit
1.51764E+18,LLeontravelart,Fri Apr 22 23:09:58 +0000 2022,-80.2333285,25.7823535,My ears üëÇ are bleeding hearing this ‚Ä¶.. https://t.co/FIYyNKKkgt
1.51764E+18,capschick21,Fri Apr 22 23:09:58 +0000 2022,-77.9601805,35.382522,https://t.co/VqEf6Aroiu #giveCUDDLY #IBelieveinKindnessDonations desparately needed!
1.51764E+18,TCCcareers,Fri Apr 22 23:09:58 +0000 2022,-110.8517994,32.2503796,"TCC is hiring! Join our award-winning team where employees always come first, and we are committed to your success.‚Ä¶ https://t.co/5GDe479sOR"
1.51764E+18,Cory_Hays407,Fri Apr 22 23:09:58 +0000 2022,-82.442694,27.9965945,Shit
1.51764E+18,20916style,Fri Apr 22 23:09:58 +0000 2022,-118.5032585,34.415631,shit looks like roast beef https://t.co/PE3iRY6M07
1.51764E+18,DaddyRolleda1,Fri Apr 22 23:09:58 +0000 2022,-118.131964,34.17731,@Cyber_Trout @redwyrmofficial @Dungeonlibrary I don't have a dog in this fight but that cracked me up!
1.51764E+18,CallMeJerms,Fri Apr 22 23:09:58 +0000 2022,-94.772968,39.3441665,#MissouriFirstAction keeps sending me unsolicited texts when I never signed up for any list from them. @FCC what ca‚Ä¶ https://t.co/PHySWPeqzc
1.51764E+18,kt_jones7437,Fri Apr 22 23:09:58 +0000 2022,-79.861034,35.1704985,@DanielKriete4 It's about time hudson comes back into the ring https://t.co/HVlYkwda66
1.51764E+18,YUKOWAS,Fri Apr 22 23:09:58 +0000 2022,-80.926628,33.6311395,It's too late sorry I will leave the USA soon
1.51764E+18,theycallme_NUKE,Fri Apr 22 23:09:59 +0000 2022,-83.986413,35.7261815,Really thankful for beautiful days and safe rides. #harleydavidson @harleydavidson https://t.co/etTu5947Fj
1.51764E+18,mattjackson5,Fri Apr 22 23:09:59 +0000 2022,-75.117998,40.0048655,@RealPaigeWWE That is a sin. When do we get to see you again?
1.51764E+18,Miller_Rose_5,Fri Apr 22 23:10:00 +0000 2022,-121.3007305,38.7631605,Tonight we are gonna let this whole scene know WE TAKE CARE OF OURS. Death doesn‚Äôt separate us. #FeerickForever
1.51764E+18,_CoachRobertson,Fri Apr 22 23:10:00 +0000 2022,-111.82938,41.7383585,@HipD21 Chris Randle &amp; Curtis Marsh Jr - 2007-2010
1.51764E+18,MorryRicky,Fri Apr 22 23:10:01 +0000 2022,-88.9366835,39.854585,@annn_0606 so sexy
1.51764E+18,iHitCurves,Fri Apr 22 23:10:01 +0000 2022,-72.5455845,42.1130625,That wasn‚Äôt gone ????
1.51764E+18,chacal_lachaise,Fri Apr 22 23:10:01 +0000 2022,-106.4174305,31.793368,What. A. Freak.
1.51764E+18,RickFigueroa100,Fri Apr 22 23:10:00 +0000 2022,-98.5406515,29.417501,Good Godly men raise good young strong future leader‚Äôs. No makeup here ladies and gents!#westpoint https://t.co/SXS4RTEF7h
1.51764E+18,sluppin,Fri Apr 22 23:10:01 +0000 2022,-122.3306025,47.614817,time to bereal lmaooo
1.51764E+18,joingles,Fri Apr 22 23:10:01 +0000 2022,-83.0852275,40.177547,@gringacongatos @joecimperman El Arepazo is very good. But The Porch on Route 23 serves legit Venezuelan street foo‚Ä¶ https://t.co/l3gk4BRskf
1.51764E+18,pdxpolicelog,Fri Apr 22 23:10:01 +0000 2022,-122.535074,45.55583,"SUSPICIOUS SUBJ, VEH, OR CIRCUMSTANCE at 12300 NE SANDY BLVD, PORT [Portland Police #PP22000106711] 15:32 #pdx911"
1.51764E+18,unclehowie123,Fri Apr 22 23:10:01 +0000 2022,-98.258735,29.584679,@JKBOGEN @getcallin that‚Äôs absolutely monumental
1.51764E+18,moutoncovewx,Fri Apr 22 23:10:01 +0000 2022,-92.218675,29.875016,79.7F (Feels: 82.9F) - Humidity: 74% - Wind: 5.9mph ESE - Gust: 5.3mph - Pressure: 30.113in #weather https://t.co/75yzNJ23Eh
1.51764E+18,Moneymel25,Fri Apr 22 23:10:02 +0000 2022,-73.9487755,40.655138,Don‚Äôt Ever let a bitch with no Funds CALL YOU BROKE
1.51764E+18,mmeans40,Fri Apr 22 23:10:02 +0000 2022,-84.433106,33.7671945,"@DPMCanty Friend, this phase is rough for me. I dont wish this on anyone."
1.51764E+18,luispvilchez,Fri Apr 22 23:10:02 +0000 2022,-80.2333285,25.7823535,I know I‚Äôm almost 30 when I couldn‚Äôt care less about my haircut when before was a whole deal. I literally go to my‚Ä¶ https://t.co/ATrK39zpnw
1.51764E+18,COOLLANEHERO,Fri Apr 22 23:10:02 +0000 2022,-79.420865,38.0033755,@jimmiealex96 KT on the trading block allegedly
1.51764E+18,thrill_caleb,Fri Apr 22 23:10:02 +0000 2022,-95.3268995,29.5478845,@DanielHollandJ1 A chance use the skills and talents that God has given me to further my academic and athletic journey
1.51764E+18,BTW_Mick,Fri Apr 22 23:10:02 +0000 2022,-90.011008,29.982601,You never know who you will bump into in New Orleans https://t.co/wWrO6e2rEH
1.51764E+18,vincentghoste,Fri Apr 22 23:10:02 +0000 2022,-122.116119,37.9956265,@trevorshin Clothing.
1.51764E+18,VicStar82,Fri Apr 22 23:10:02 +0000 2022,-73.9685415,40.780709,Ordering the shake with the burger and fries without fear of judgement heals my inner child.
1.51764E+18,Nebeerska,Fri Apr 22 23:10:02 +0000 2022,-96.185997,41.2612,"Drinking an A Box Full of Sharp Objects by @JukesAleWorks @ Local Beer, Patio &amp; Kitchen - Village Pointe ‚Äî https://t.co/5zmeBTej51"
1.51764E+18,TruckerLerone,Fri Apr 22 23:10:03 +0000 2022,-80.56917608,41.15641926,I'm at Hubbard in OH https://t.co/UQPISUyEsN
1.51764E+18,Yunq_Goat,Fri Apr 22 23:10:03 +0000 2022,-92.0611765,30.206079,Why he fck you outchea riskin ya freedom if it ain‚Äôt bout wealth?!!
1.51764E+18,daktadoolittle,Fri Apr 22 23:10:03 +0000 2022,-83.1738665,32.6782075,@airpeewee23 @timeindawater1 @cspan What?  She is wrong.  You people!!!
1.51764E+18,HMATCK,Fri Apr 22 23:10:03 +0000 2022,-85.9785995,35.8305215,You don‚Äôt fucking say.. https://t.co/j2U8hsiHsQ
1.51764E+18,ooooge,Fri Apr 22 23:10:03 +0000 2022,-71.02134,42.256124,Could watch it over and over. When Band's were really playing!
1.51764E+18,GulfCoastDawg21,Fri Apr 22 23:10:04 +0000 2022,-88.1615555,30.683649,@AustinEast15 About time!! Where has  he been on a Pilgrimage!?!?
1.51764E+18,ScottUpham,Fri Apr 22 23:10:04 +0000 2022,-75.7017215,40.0087395,"@lone_rides Agree wholeheartedly. Unfortunately, a two income home is almost a necessity in today‚Äôs economy."
1.51764E+18,MeekiLove04,Fri Apr 22 23:10:04 +0000 2022,-79.861034,35.1704985,@TiffClina @2020istrash2020 We're awesomeüí™üèæüí™üèæ
1.51764E+18,TheRealMrSports,Fri Apr 22 23:10:04 +0000 2022,-98.716992,35.3090465,"Every year Texas claims ""we're back"" and every year they finish towards the back!"
1.51764E+18,GRevmgbrown4,Fri Apr 22 23:10:04 +0000 2022,-77.0143985,38.898603,"Open SmartNews and read ""At least three shot in ‚Äòactive threat‚Äô situation in Washington, D.C."" here:‚Ä¶ https://t.co/P7CiXp6wCg"
